KingKarnaCK2_CheaterTrait;Hacker;;;;;;;;;;;;;x
KingKarnaCK2_CheaterTrait_desc;Hackers are hacking;;;;;;;;;;;;;x
KingKarnaCheatsCK2_governments1;Super Monarchy;;;;;;;;;;;;;x
KingKarnaCheatsCK2_governments1_desc;Super Monarchy;;;;;;;;;;;;;x
KingKarnaCheatsCK2_governments2;Super Republic;;;;;;;;;;;;;x
KingKarnaCheatsCK2_governments2_desc;Super Monarchy;;;;;;;;;;;;;x
KingKarnaCheatsCK2_governments3;Super Theocracy;;;;;;;;;;;;;x
KingKarnaCheatsCK2_governments3_desc;Super Monarchy;;;;;;;;;;;;;x
KingKarnaCheatsCK2_governments4;Super Tribal;;;;;;;;;;;;;x
KingKarnaCheatsCK2_governments4_desc;Super Monarchy;;;;;;;;;;;;;x
KingKarnaCheatsCK2_governments5;Super Nomad;;;;;;;;;;;;;x
KingKarnaCheatsCK2_governments5_desc;Super Monarchy;;;;;;;;;;;;;x